Accounting,Finance,Economics,Business Management,Marketing,Human Resource Management,Supply Chain Management,International Business,Entrepreneurship,Corporate Law,Organizational Behavior,Risk Management,Business Analytics,Financial Planning,Role
6,5,4,3,2,1,3,4,2,3,5,3,5,6,Accounting
7,6,5,4,3,2,1,3,2,4,3,5,6,7,Accounting
5,7,3,4,6,2,3,1,3,2,4,3,5,6,Accounting
6,5,4,7,3,2,1,3,4,2,3,5,6,5,Accounting
7,6,3,5,4,3,2,1,2,3,4,6,5,7,Accounting
5,4,7,3,6,2,3,4,1,2,3,5,6,3,Accounting
6,3,5,7,4,3,2,1,3,4,2,6,7,5,Accounting
7,6,4,5,3,2,1,3,4,2,5,3,6,4,Accounting
5,4,6,7,3,3,2,1,2,3,4,5,3,6,Accounting
6,3,7,4,5,2,3,1,3,2,3,6,5,4,Accounting
7,6,5,3,4,3,2,3,1,4,2,3,6,5,Accounting
5,4,3,6,7,2,1,3,4,2,3,5,3,6,Accounting
6,3,5,4,7,3,2,1,2,3,4,6,5,3,Accounting
7,6,3,5,4,2,3,1,3,2,3,5,6,4,Accounting
5,4,6,7,3,3,2,4,1,3,2,3,5,6,Accounting
6,3,7,4,5,2,3,1,3,4,3,6,3,5,Accounting
7,6,5,3,4,3,2,3,2,2,5,3,6,4,Accounting
5,4,3,6,7,2,1,3,4,3,3,5,3,6,Accounting
6,3,5,4,7,3,2,1,2,4,2,6,5,3,Accounting
7,6,3,5,4,2,3,1,3,2,5,5,6,4,Accounting
6,5,3,7,4,2,1,3,3,2,3,6,5,4,Accounting
7,6,4,5,3,3,2,1,2,3,4,3,6,5,Accounting
5,3,6,4,7,2,3,4,1,2,3,5,3,6,Accounting
6,4,7,3,5,3,2,1,3,4,2,6,5,3,Accounting
7,6,3,5,4,2,1,3,4,2,5,3,6,4,Accounting
5,3,4,6,7,3,2,1,2,3,4,5,3,6,Accounting
6,4,3,7,5,2,3,4,1,2,3,6,5,3,Accounting
7,6,5,3,4,3,2,1,3,4,2,3,6,5,Accounting
5,3,6,4,7,2,1,3,4,2,3,5,3,6,Accounting
6,4,7,3,5,3,2,1,2,3,4,6,5,3,Accounting
7,6,3,5,4,2,3,4,1,2,3,5,6,4,Accounting
5,3,4,6,7,3,2,1,3,4,2,3,5,6,Accounting
6,4,3,7,5,2,3,3,2,2,5,6,3,5,Accounting
7,6,5,3,4,3,2,1,3,3,4,5,6,3,Accounting
5,3,6,4,7,2,1,3,4,2,3,6,5,4,Accounting
6,4,7,3,5,3,2,4,1,3,2,3,6,5,Accounting
7,6,3,5,4,2,1,3,3,2,5,5,3,6,Accounting
5,3,4,6,7,3,2,1,2,3,4,6,5,3,Accounting
6,4,3,7,5,2,3,3,4,2,3,5,6,4,Accounting
7,6,5,3,4,3,2,1,2,4,2,3,5,6,Accounting
3,6,7,5,4,2,1,3,3,2,3,5,4,6,Finance
4,7,6,3,5,3,2,1,2,3,4,6,3,5,Finance
3,6,5,4,7,2,3,4,1,2,3,7,5,3,Finance
4,7,3,6,5,3,2,1,3,4,2,6,7,4,Finance
3,6,4,7,5,2,1,3,4,2,5,5,6,7,Finance
4,7,6,3,5,3,2,4,1,3,4,3,5,6,Finance
3,6,7,4,5,2,3,1,3,2,3,6,4,5,Finance
4,7,5,6,3,3,2,3,2,4,2,5,6,3,Finance
3,6,3,7,4,2,1,4,1,2,5,7,5,4,Finance
4,7,6,5,3,3,2,1,3,3,4,6,3,7,Finance
3,6,7,3,4,2,3,5,2,2,3,5,6,5,Finance
4,7,5,6,3,3,2,1,3,4,2,3,7,6,Finance
3,6,3,7,4,2,1,5,4,2,5,6,5,3,Finance
4,7,6,5,3,3,2,3,1,3,4,5,6,4,Finance
3,6,7,3,4,2,3,4,3,2,3,7,5,6,Finance
4,7,5,6,3,3,2,1,2,4,2,6,3,7,Finance
3,6,3,7,4,2,1,5,4,2,5,5,6,3,Finance
4,7,6,5,3,3,2,3,1,3,4,3,7,5,Finance
3,6,7,3,4,2,3,4,3,2,3,6,5,7,Finance
4,7,5,6,3,3,2,1,2,4,2,5,6,3,Finance
3,6,4,7,5,3,2,1,3,4,2,7,5,3,Finance
4,7,6,3,5,2,1,3,4,2,5,6,3,7,Finance
3,6,7,4,3,3,2,4,1,3,4,5,6,5,Finance
4,7,5,6,4,2,3,1,3,2,3,3,7,6,Finance
3,6,3,7,5,3,2,5,4,4,2,6,5,3,Finance
4,7,6,5,3,2,1,3,1,2,5,5,6,4,Finance
3,6,7,3,4,3,2,5,3,3,4,3,5,7,Finance
4,7,5,6,3,2,3,1,2,2,3,6,3,6,Finance
3,6,3,7,4,3,2,4,1,4,2,7,6,5,Finance
4,7,6,5,3,2,1,3,3,2,5,5,7,3,Finance
3,6,7,3,4,3,2,5,4,3,4,6,5,4,Finance
4,7,5,6,3,2,3,1,1,2,3,3,6,7,Finance
3,6,3,7,4,3,2,4,3,4,2,5,7,6,Finance
4,7,6,5,3,2,1,3,2,2,5,6,5,5,Finance
3,6,7,3,4,3,2,5,1,3,4,7,3,3,Finance
4,7,5,6,3,2,3,4,3,2,3,5,6,4,Finance
3,6,3,7,4,3,2,1,4,4,2,6,7,7,Finance
4,7,6,5,3,2,1,3,1,2,5,3,5,6,Finance
3,6,7,3,4,3,2,5,3,3,4,5,6,5,Finance
4,7,5,6,3,2,3,4,2,2,3,6,3,3,Finance
3,5,6,7,4,2,1,3,3,2,3,5,4,3,Economics
2,3,7,5,6,4,3,1,2,3,4,6,3,5,Economics
3,2,6,4,7,3,2,4,1,2,3,7,5,6,Economics
4,3,7,6,5,2,1,3,3,4,2,6,7,3,Economics
3,4,6,7,5,3,2,1,4,2,5,5,6,4,Economics
2,3,7,3,6,4,3,4,1,3,4,3,5,6,Economics
3,2,6,5,7,2,3,1,3,2,3,6,4,7,Economics
4,3,7,6,3,3,2,3,2,4,2,5,6,5,Economics
3,4,6,7,5,2,1,4,1,2,5,7,5,3,Economics
2,3,7,3,6,4,3,1,3,3,4,6,3,4,Economics
3,2,6,5,7,3,2,5,2,2,3,5,6,7,Economics
4,3,7,6,3,2,3,1,3,4,2,3,7,6,Economics
3,4,6,7,5,3,2,5,4,2,5,6,5,3,Economics
2,3,7,3,6,4,3,3,1,3,4,5,6,5,Economics
3,2,6,5,7,2,3,4,3,2,3,7,5,6,Economics
4,3,7,6,3,3,2,1,2,4,2,6,3,7,Economics
3,4,6,7,5,2,1,5,4,2,5,5,6,3,Economics
2,3,7,3,6,4,3,3,1,3,4,3,7,5,Economics
3,2,6,5,7,3,2,4,3,2,3,6,5,7,Economics
4,3,7,6,3,2,3,1,2,4,2,5,6,3,Economics
2,4,6,7,5,3,2,1,3,4,2,7,5,3,Economics
3,2,7,5,6,4,3,3,4,2,5,6,3,7,Economics
4,3,6,3,7,2,1,4,1,3,4,5,6,5,Economics
2,4,7,6,3,3,2,1,3,2,3,3,7,6,Economics
3,2,6,7,5,3,3,5,4,4,2,6,5,3,Economics
4,3,7,5,3,2,1,3,1,2,5,5,6,4,Economics
2,4,6,3,6,4,3,5,3,3,4,3,5,7,Economics
3,2,7,6,3,2,3,1,2,2,3,6,3,6,Economics
4,3,6,7,5,3,2,4,1,4,2,7,6,5,Economics
2,4,7,5,3,2,1,3,3,2,5,5,7,3,Economics
3,2,6,3,6,4,3,5,4,3,4,6,5,4,Economics
4,3,7,6,3,2,3,1,1,2,3,3,6,7,Economics
2,4,6,7,5,3,2,4,3,4,2,5,7,6,Economics
3,2,7,3,6,4,3,3,2,2,5,6,5,5,Economics
4,3,6,5,7,2,1,5,1,3,4,7,3,3,Economics
2,4,7,6,3,3,2,3,3,2,3,5,6,4,Economics
3,2,6,7,5,3,3,1,4,4,2,6,7,7,Economics
4,3,7,3,6,4,2,5,1,2,5,3,5,6,Economics
2,4,6,5,7,2,3,3,3,3,4,5,6,5,Economics
3,2,7,6,3,3,2,4,2,2,3,6,3,3,Economics
3,5,4,6,7,2,1,3,3,2,3,5,4,3,Business Management
2,3,5,7,6,4,3,1,2,3,4,6,3,5,Business Management
3,2,3,6,7,3,2,4,1,2,3,7,5,6,Business Management
4,3,2,7,5,2,1,3,3,4,2,6,7,3,Business Management
3,4,3,6,5,3,2,1,4,2,5,5,6,4,Business Management
2,3,4,7,6,4,3,4,1,3,4,3,5,6,Business Management
3,2,3,6,7,2,3,1,3,2,3,6,4,7,Business Management
4,3,2,7,3,3,2,3,2,4,2,5,6,5,Business Management
3,4,3,6,5,2,1,4,1,2,5,7,5,3,Business Management
2,3,4,7,6,4,3,1,3,3,4,6,3,4,Business Management
3,2,3,6,7,3,2,5,2,2,3,5,6,7,Business Management
4,3,2,7,3,2,3,1,3,4,2,3,7,6,Business Management
3,4,3,6,5,3,2,5,4,2,5,6,5,3,Business Management
2,3,4,7,6,4,3,3,1,3,4,5,6,5,Business Management
3,2,3,6,7,2,3,4,3,2,3,7,5,6,Business Management
4,3,2,7,3,3,2,1,2,4,2,6,3,7,Business Management
3,4,3,6,5,2,1,5,4,2,5,5,6,3,Business Management
2,3,4,7,6,4,3,3,1,3,4,3,7,5,Business Management
3,2,3,6,7,3,2,4,3,2,3,6,5,7,Business Management
4,3,2,7,3,2,3,1,2,4,2,5,6,3,Business Management
2,4,3,6,5,3,2,1,3,4,2,7,5,3,Business Management
3,2,4,7,6,4,3,3,4,2,5,6,3,7,Business Management
4,3,2,6,7,2,1,4,1,3,4,5,6,5,Business Management
2,4,3,7,3,3,2,1,3,2,3,3,7,6,Business Management
3,2,4,6,5,3,3,5,4,4,2,6,5,3,Business Management
4,3,2,7,3,2,1,3,1,2,5,5,6,4,Business Management
2,4,3,6,6,4,3,5,3,3,4,3,5,7,Business Management
3,2,4,7,3,2,3,1,2,2,3,6,3,6,Business Management
4,3,2,6,5,3,2,4,1,4,2,7,6,5,Business Management
2,4,3,7,3,2,1,3,3,2,5,5,7,3,Business Management
3,2,4,6,6,4,3,5,4,3,4,6,5,4,Business Management
4,3,2,7,3,2,3,1,1,2,3,3,6,7,Business Management
2,4,3,6,5,3,2,4,3,4,2,5,7,6,Business Management
3,2,4,7,6,4,3,3,2,2,5,6,5,5,Business Management
4,3,2,6,7,2,1,5,1,3,4,7,3,3,Business Management
2,4,3,7,3,3,2,3,3,2,3,5,6,4,Business Management
3,2,4,6,5,3,3,1,4,4,2,6,7,7,Business Management
4,3,2,7,6,4,2,5,1,2,5,3,5,6,Business Management
2,4,3,6,7,2,3,3,3,3,4,5,6,5,Business Management
3,2,4,7,3,3,2,4,2,2,3,6,3,3,Business Management
1,2,1,4,3,5,1,1,2,2,1,1,1,1,Marketing
1,1,3,4,3,7,2,1,3,3,1,2,2,2,Marketing
2,3,1,3,3,6,1,1,1,3,1,3,1,3,Marketing
1,1,1,4,5,5,1,3,2,2,3,2,1,2,Marketing
3,2,2,4,3,7,1,2,1,3,1,3,3,3,Marketing
1,1,3,4,4,6,2,1,2,2,1,3,1,2,Marketing
2,3,1,3,3,5,1,3,1,1,3,1,3,3,Marketing
1,2,2,3,4,7,1,1,3,3,1,4,2,2,Marketing
3,1,1,4,3,6,2,3,1,1,3,1,1,3,Marketing
2,3,3,3,3,5,1,1,2,3,1,3,3,1,Marketing
1,1,1,4,4,7,3,3,1,1,3,2,1,2,Marketing
3,2,2,3,3,6,1,1,3,3,1,3,2,3,Marketing
1,3,1,4,4,5,2,3,1,2,3,1,1,1,Marketing
2,1,3,3,3,7,1,1,3,1,1,3,3,3,Marketing
3,3,1,4,3,6,2,3,1,3,3,1,1,1,Marketing
1,1,2,3,4,5,1,1,2,1,1,3,3,3,Marketing
2,3,1,4,3,7,3,3,1,3,3,1,1,1,Marketing
1,1,3,3,4,6,1,1,3,1,1,3,3,3,Marketing
3,2,1,4,3,5,2,3,1,3,3,1,1,1,Marketing
1,3,3,3,3,7,1,1,3,1,1,3,3,3,Marketing
2,1,1,3,4,6,1,3,1,3,1,2,3,2,Marketing
1,3,3,4,3,7,3,1,3,1,3,3,1,3,Marketing
3,1,1,3,4,5,1,3,1,3,1,1,3,1,Marketing
1,3,3,4,3,6,2,1,3,1,3,3,1,3,Marketing
3,1,1,3,4,7,1,3,1,3,1,1,3,1,Marketing
1,3,3,4,3,5,3,1,3,1,3,3,1,3,Marketing
3,1,1,3,4,6,1,3,1,3,1,1,3,1,Marketing
1,3,3,4,3,7,3,1,3,1,3,3,1,3,Marketing
3,1,1,3,4,5,1,3,1,3,1,1,3,1,Marketing
1,3,3,4,3,6,2,1,3,1,3,3,1,3,Marketing
3,1,1,3,4,7,1,3,1,3,1,1,3,1,Marketing
1,3,3,4,3,5,3,1,3,1,3,3,1,3,Marketing
3,1,1,3,4,6,1,3,1,3,1,1,3,1,Marketing
1,3,3,4,3,7,3,1,3,1,3,3,1,3,Marketing
3,1,1,3,4,5,1,3,1,3,1,1,3,1,Marketing
1,3,3,4,3,6,2,1,3,1,3,3,1,3,Marketing
3,1,1,3,4,7,1,3,1,3,1,1,3,1,Marketing
1,3,3,4,3,5,3,1,3,1,3,3,1,3,Marketing
3,1,1,3,4,6,1,3,1,3,1,1,3,1,Marketing
1,3,3,4,3,7,3,1,3,1,3,3,1,3,Marketing
1,3,1,3,3,2,6,1,1,2,1,5,3,2,Human Resource Management
3,1,3,4,4,3,7,2,3,3,3,5,1,3,Human Resource Management
1,3,1,3,3,1,5,1,1,1,1,3,3,1,Human Resource Management
3,1,3,4,4,3,6,3,3,3,3,5,1,3,Human Resource Management
1,3,1,3,3,1,7,1,1,1,1,3,3,1,Human Resource Management
3,1,3,4,4,3,5,3,3,3,3,5,1,3,Human Resource Management
1,3,1,3,3,1,6,1,1,1,1,3,3,1,Human Resource Management
3,1,3,4,4,3,7,3,3,3,3,5,1,3,Human Resource Management
1,3,1,3,3,1,5,1,1,1,1,3,3,1,Human Resource Management
3,1,3,4,4,3,6,3,3,3,3,5,1,3,Human Resource Management
1,3,1,3,3,1,7,1,1,1,1,3,3,1,Human Resource Management
3,1,3,4,4,3,5,3,3,3,3,5,1,3,Human Resource Management
1,3,1,3,3,1,6,1,1,1,1,3,3,1,Human Resource Management
3,1,3,4,4,3,7,3,3,3,3,5,1,3,Human Resource Management
1,3,1,3,3,1,5,1,1,1,1,3,3,1,Human Resource Management
3,1,3,4,4,3,6,3,3,3,3,5,1,3,Human Resource Management
1,3,1,3,3,1,7,1,1,1,1,3,3,1,Human Resource Management
3,1,3,4,4,3,5,3,3,3,3,5,1,3,Human Resource Management
1,3,1,3,3,1,6,1,1,1,1,3,3,1,Human Resource Management
3,1,3,4,4,3,7,3,3,3,3,5,1,3,Human Resource Management
1,3,3,3,3,3,6,1,1,1,1,5,1,1,Human Resource Management
3,1,1,4,4,1,7,3,3,3,3,5,3,3,Human Resource Management
1,3,3,3,3,3,5,1,1,1,1,3,1,1,Human Resource Management
3,1,1,4,4,1,6,3,3,3,3,5,3,3,Human Resource Management
1,3,3,3,3,3,7,1,1,1,1,3,1,1,Human Resource Management
3,1,1,4,4,1,5,3,3,3,3,5,3,3,Human Resource Management
1,3,3,3,3,3,6,1,1,1,1,3,1,1,Human Resource Management
3,1,1,4,4,1,7,3,3,3,3,5,3,3,Human Resource Management
1,3,3,3,3,3,5,1,1,1,1,3,1,1,Human Resource Management
3,1,1,4,4,1,6,3,3,3,3,5,3,3,Human Resource Management
1,3,3,3,3,3,7,1,1,1,1,3,1,1,Human Resource Management
3,1,1,4,4,1,5,3,3,3,3,5,3,3,Human Resource Management
1,3,3,3,3,3,6,1,1,1,1,3,1,1,Human Resource Management
3,1,1,4,4,1,7,3,3,3,3,5,3,3,Human Resource Management
1,3,3,3,3,3,5,1,1,1,1,3,1,1,Human Resource Management
3,1,1,4,4,1,6,3,3,3,3,5,3,3,Human Resource Management
1,3,3,3,3,3,7,1,1,1,1,3,1,1,Human Resource Management
3,1,1,4,4,1,5,3,3,3,3,5,3,3,Human Resource Management
1,3,3,3,3,3,6,1,1,1,1,3,1,1,Human Resource Management
3,1,1,4,4,1,7,3,3,3,3,5,3,3,Human Resource Management
1,1,3,3,3,3,1,6,1,1,1,1,3,3,Supply Chain Management
3,3,1,4,4,1,3,7,3,3,3,3,1,5,Supply Chain Management
1,1,3,3,3,3,1,5,1,1,1,1,3,3,Supply Chain Management
3,3,1,4,4,1,3,6,3,3,3,3,1,5,Supply Chain Management
1,1,3,3,3,3,1,7,1,1,1,1,3,3,Supply Chain Management
3,3,1,4,4,1,3,5,3,3,3,3,1,5,Supply Chain Management
1,1,3,3,3,3,1,6,1,1,1,1,3,3,Supply Chain Management
3,3,1,4,4,1,3,7,3,3,3,3,1,5,Supply Chain Management
1,1,3,3,3,3,1,5,1,1,1,1,3,3,Supply Chain Management
3,3,1,4,4,1,3,6,3,3,3,3,1,5,Supply Chain Management
1,1,3,3,3,3,1,7,1,1,1,1,3,3,Supply Chain Management
3,3,1,4,4,1,3,5,3,3,3,3,1,5,Supply Chain Management
1,1,3,3,3,3,1,6,1,1,1,1,3,3,Supply Chain Management
3,3,1,4,4,1,3,7,3,3,3,3,1,5,Supply Chain Management
1,1,3,3,3,3,1,5,1,1,1,1,3,3,Supply Chain Management
3,3,1,4,4,1,3,6,3,3,3,3,1,5,Supply Chain Management
1,1,3,3,3,3,1,7,1,1,1,1,3,3,Supply Chain Management
3,3,1,4,4,1,3,5,3,3,3,3,1,5,Supply Chain Management
1,1,3,3,3,3,1,6,1,1,1,1,3,3,Supply Chain Management
3,3,1,4,4,1,3,7,3,3,3,3,1,5,Supply Chain Management
1,1,1,3,3,3,3,6,1,1,1,3,1,3,Supply Chain Management
3,3,3,4,4,1,1,7,3,3,3,1,3,5,Supply Chain Management
1,1,1,3,3,3,3,5,1,1,1,3,1,3,Supply Chain Management
3,3,3,4,4,1,1,6,3,3,3,1,3,5,Supply Chain Management
1,1,1,3,3,3,3,7,1,1,1,3,1,3,Supply Chain Management
3,3,3,4,4,1,1,5,3,3,3,1,3,5,Supply Chain Management
1,1,1,3,3,3,3,6,1,1,1,3,1,3,Supply Chain Management
3,3,3,4,4,1,1,7,3,3,3,1,3,5,Supply Chain Management
1,1,1,3,3,3,3,5,1,1,1,3,1,3,Supply Chain Management
3,3,3,4,4,1,1,6,3,3,3,1,3,5,Supply Chain Management
1,1,1,3,3,3,3,7,1,1,1,3,1,3,Supply Chain Management
3,3,3,4,4,1,1,5,3,3,3,1,3,5,Supply Chain Management
1,1,1,3,3,3,3,6,1,1,1,3,1,3,Supply Chain Management
3,3,3,4,4,1,1,7,3,3,3,1,3,5,Supply Chain Management
1,1,1,3,3,3,3,5,1,1,1,3,1,3,Supply Chain Management
3,3,3,4,4,1,1,6,3,3,3,1,3,5,Supply Chain Management
1,1,1,3,3,3,3,7,1,1,1,3,1,3,Supply Chain Management
3,3,3,4,4,1,1,5,3,3,3,1,3,5,Supply Chain Management
1,1,1,3,3,3,3,6,1,1,1,3,1,3,Supply Chain Management
3,3,3,4,4,1,1,7,3,3,3,1,3,5,Supply Chain Management
1,1,3,3,3,1,1,3,6,1,1,1,3,1,International Business
3,3,1,4,4,3,3,1,7,3,3,3,1,3,International Business
1,1,3,3,3,1,1,3,5,1,1,1,3,1,International Business
3,3,1,4,4,3,3,1,6,3,3,3,1,3,International Business
1,1,3,3,3,1,1,3,7,1,1,1,3,1,International Business
3,3,1,4,4,3,3,1,5,3,3,3,1,3,International Business
1,1,3,3,3,1,1,3,6,1,1,1,3,1,International Business
3,3,1,4,4,3,3,1,7,3,3,3,1,3,International Business
1,1,3,3,3,1,1,3,5,1,1,1,3,1,International Business
3,3,1,4,4,3,3,1,6,3,3,3,1,3,International Business
1,1,3,3,3,1,1,3,7,1,1,1,3,1,International Business
3,3,1,4,4,3,3,1,5,3,3,3,1,3,International Business
1,1,3,3,3,1,1,3,6,1,1,1,3,1,International Business
3,3,1,4,4,3,3,1,7,3,3,3,1,3,International Business
1,1,3,3,3,1,1,3,5,1,1,1,3,1,International Business
3,3,1,4,4,3,3,1,6,3,3,3,1,3,International Business
1,1,3,3,3,1,1,3,7,1,1,1,3,1,International Business
3,3,1,4,4,3,3,1,5,3,3,3,1,3,International Business
1,1,3,3,3,1,1,3,6,1,1,1,3,1,International Business
3,3,1,4,4,3,3,1,7,3,3,3,1,3,International Business
1,1,1,3,3,3,3,3,6,1,1,3,1,3,International Business
3,3,3,4,4,1,1,1,7,3,3,1,3,5,International Business
1,1,1,3,3,3,3,3,5,1,1,3,1,3,International Business
3,3,3,4,4,1,1,1,6,3,3,1,3,5,International Business
1,1,1,3,3,3,3,3,7,1,1,3,1,3,International Business
3,3,3,4,4,1,1,1,5,3,3,1,3,5,International Business
1,1,1,3,3,3,3,3,6,1,1,3,1,3,International Business
3,3,3,4,4,1,1,1,7,3,3,1,3,5,International Business
1,1,1,3,3,3,3,3,5,1,1,3,1,3,International Business
3,3,3,4,4,1,1,1,6,3,3,1,3,5,International Business
1,1,1,3,3,3,3,3,7,1,1,3,1,3,International Business
3,3,3,4,4,1,1,1,5,3,3,1,3,5,International Business
1,1,1,3,3,3,3,3,6,1,1,3,1,3,International Business
3,3,3,4,4,1,1,1,7,3,3,1,3,5,International Business
1,1,1,3,3,3,3,3,5,1,1,3,1,3,International Business
3,3,3,4,4,1,1,1,6,3,3,1,3,5,International Business
1,1,1,3,3,3,3,3,7,1,1,3,1,3,International Business
3,3,3,4,4,1,1,1,5,3,3,1,3,5,International Business
1,1,1,3,3,3,3,3,6,1,1,3,1,3,International Business
3,3,3,4,4,1,1,1,7,3,3,1,3,5,International Business
1,1,3,3,3,1,1,1,3,6,1,1,1,1,Entrepreneurship
3,3,1,4,4,3,3,3,1,7,3,3,3,3,Entrepreneurship
1,1,3,3,3,1,1,1,3,5,1,1,1,1,Entrepreneurship
3,3,1,4,4,3,3,3,1,6,3,3,3,3,Entrepreneurship
1,1,3,3,3,1,1,1,3,7,1,1,1,1,Entrepreneurship
3,3,1,4,4,3,3,3,1,5,3,3,3,3,Entrepreneurship
1,1,3,3,3,1,1,1,3,6,1,1,1,1,Entrepreneurship
3,3,1,4,4,3,3,3,1,7,3,3,3,3,Entrepreneurship
1,1,3,3,3,1,1,1,3,5,1,1,1,1,Entrepreneurship
3,3,1,4,4,3,3,3,1,6,3,3,3,3,Entrepreneurship
1,1,3,3,3,1,1,1,3,7,1,1,1,1,Entrepreneurship
3,3,1,4,4,3,3,3,1,5,3,3,3,3,Entrepreneurship
1,1,3,3,3,1,1,1,3,6,1,1,1,1,Entrepreneurship
3,3,1,4,4,3,3,3,1,7,3,3,3,3,Entrepreneurship
1,1,3,3,3,1,1,1,3,5,1,1,1,1,Entrepreneurship
3,3,1,4,4,3,3,3,1,6,3,3,3,3,Entrepreneurship
1,1,3,3,3,1,1,1,3,7,1,1,1,1,Entrepreneurship
3,3,1,4,4,3,3,3,1,5,3,3,3,3,Entrepreneurship
1,1,3,3,3,1,1,1,3,6,1,1,1,1,Entrepreneurship
3,3,1,4,4,3,3,3,1,7,3,3,3,3,Entrepreneurship
1,1,1,3,3,3,3,3,3,6,1,3,1,3,Entrepreneurship
3,3,3,4,4,1,1,1,1,7,3,1,3,5,Entrepreneurship
1,1,1,3,3,3,3,3,3,5,1,3,1,3,Entrepreneurship
3,3,3,4,4,1,1,1,1,6,3,1,3,5,Entrepreneurship
1,1,1,3,3,3,3,3,3,7,1,3,1,3,Entrepreneurship
3,3,3,4,4,1,1,1,1,5,3,1,3,5,Entrepreneurship
1,1,1,3,3,3,3,3,3,6,1,3,1,3,Entrepreneurship
3,3,3,4,4,1,1,1,1,7,3,1,3,5,Entrepreneurship
1,1,1,3,3,3,3,3,3,5,1,3,1,3,Entrepreneurship
3,3,3,4,4,1,1,1,1,6,3,1,3,5,Entrepreneurship
1,1,1,3,3,3,3,3,3,7,1,3,1,3,Entrepreneurship
3,3,3,4,4,1,1,1,1,5,3,1,3,5,Entrepreneurship
1,1,1,3,3,3,3,3,3,6,1,3,1,3,Entrepreneurship
3,3,3,4,4,1,1,1,1,7,3,1,3,5,Entrepreneurship
1,1,1,3,3,3,3,3,3,5,1,3,1,3,Entrepreneurship
3,3,3,4,4,1,1,1,1,6,3,1,3,5,Entrepreneurship
1,1,1,3,3,3,3,3,3,7,1,3,1,3,Entrepreneurship
3,3,3,4,4,1,1,1,1,5,3,1,3,5,Entrepreneurship
1,1,1,3,3,3,3,3,3,6,1,3,1,3,Entrepreneurship
3,3,3,4,4,1,1,1,1,7,3,1,3,5,Entrepreneurship
1,1,3,3,3,1,1,1,1,1,6,1,3,1,Corporate Law
3,3,1,4,4,3,3,3,3,3,7,3,1,3,Corporate Law
1,1,3,3,3,1,1,1,1,1,5,1,3,1,Corporate Law
3,3,1,4,4,3,3,3,3,3,6,3,1,3,Corporate Law
1,1,3,3,3,1,1,1,1,1,7,1,3,1,Corporate Law
3,3,1,4,4,3,3,3,3,3,5,3,1,3,Corporate Law
1,1,3,3,3,1,1,1,1,1,6,1,3,1,Corporate Law
3,3,1,4,4,3,3,3,3,3,7,3,1,3,Corporate Law
1,1,3,3,3,1,1,1,1,1,5,1,3,1,Corporate Law
3,3,1,4,4,3,3,3,3,3,6,3,1,3,Corporate Law
1,1,3,3,3,1,1,1,1,1,7,1,3,1,Corporate Law
3,3,1,4,4,3,3,3,3,3,5,3,1,3,Corporate Law
1,1,3,3,3,1,1,1,1,1,6,1,3,1,Corporate Law
3,3,1,4,4,3,3,3,3,3,7,3,1,3,Corporate Law
1,1,3,3,3,1,1,1,1,1,5,1,3,1,Corporate Law
3,3,1,4,4,3,3,3,3,3,6,3,1,3,Corporate Law
1,1,3,3,3,1,1,1,1,1,7,1,3,1,Corporate Law
3,3,1,4,4,3,3,3,3,3,5,3,1,3,Corporate Law
1,1,3,3,3,1,1,1,1,1,6,1,3,1,Corporate Law
3,3,1,4,4,3,3,3,3,3,7,3,1,3,Corporate Law
1,1,1,3,3,3,3,3,3,3,6,3,1,3,Corporate Law
3,3,3,4,4,1,1,1,1,1,7,1,3,5,Corporate Law
1,1,1,3,3,3,3,3,3,3,5,3,1,3,Corporate Law
3,3,3,4,4,1,1,1,1,1,6,1,3,5,Corporate Law
1,1,1,3,3,3,3,3,3,3,7,3,1,3,Corporate Law
3,3,3,4,4,1,1,1,1,1,5,1,3,5,Corporate Law
1,1,1,3,3,3,3,3,3,3,6,3,1,3,Corporate Law
3,3,3,4,4,1,1,1,1,1,7,1,3,5,Corporate Law
1,1,1,3,3,3,3,3,3,3,5,3,1,3,Corporate Law
3,3,3,4,4,1,1,1,1,1,6,1,3,5,Corporate Law
1,1,1,3,3,3,3,3,3,3,7,3,1,3,Corporate Law
3,3,3,4,4,1,1,1,1,1,5,1,3,5,Corporate Law
1,1,1,3,3,3,3,3,3,3,6,3,1,3,Corporate Law
3,3,3,4,4,1,1,1,1,1,7,1,3,5,Corporate Law
1,1,1,3,3,3,3,3,3,3,5,3,1,3,Corporate Law
3,3,3,4,4,1,1,1,1,1,6,1,3,5,Corporate Law
1,1,1,3,3,3,3,3,3,3,7,3,1,3,Corporate Law
3,3,3,4,4,1,1,1,1,1,5,1,3,5,Corporate Law
1,1,1,3,3,3,3,3,3,3,6,3,1,3,Corporate Law
3,3,3,4,4,1,1,1,1,1,7,1,3,5,Corporate Law
1,1,1,3,3,1,1,1,1,1,1,6,1,1,Organizational Behavior
3,3,3,4,4,3,3,3,3,3,3,7,3,3,Organizational Behavior
1,1,1,3,3,1,1,1,1,1,1,5,1,1,Organizational Behavior
3,3,3,4,4,3,3,3,3,3,3,6,3,3,Organizational Behavior
1,1,1,3,3,1,1,1,1,1,1,7,1,1,Organizational Behavior
3,3,3,4,4,3,3,3,3,3,3,5,3,3,Organizational Behavior
1,1,1,3,3,1,1,1,1,1,1,6,1,1,Organizational Behavior
3,3,3,4,4,3,3,3,3,3,3,7,3,3,Organizational Behavior
1,1,1,3,3,1,1,1,1,1,1,5,1,1,Organizational Behavior
3,3,3,4,4,3,3,3,3,3,3,6,3,3,Organizational Behavior
1,1,1,3,3,1,1,1,1,1,1,7,1,1,Organizational Behavior
3,3,3,4,4,3,3,3,3,3,3,5,3,3,Organizational Behavior
1,1,1,3,3,1,1,1,1,1,1,6,1,1,Organizational Behavior
3,3,3,4,4,3,3,3,3,3,3,7,3,3,Organizational Behavior
1,1,1,3,3,1,1,1,1,1,1,5,1,1,Organizational Behavior
3,3,3,4,4,3,3,3,3,3,3,6,3,3,Organizational Behavior
1,1,1,3,3,1,1,1,1,1,1,7,1,1,Organizational Behavior
3,3,3,4,4,3,3,3,3,3,3,5,3,3,Organizational Behavior
1,1,1,3,3,1,1,1,1,1,1,6,1,1,Organizational Behavior
3,3,3,4,4,3,3,3,3,3,3,7,3,3,Organizational Behavior
1,1,1,3,3,1,1,1,1,1,1,5,1,1,Organizational Behavior
3,3,3,4,4,3,3,3,3,3,3,6,3,3,Organizational Behavior
1,1,1,3,3,1,1,1,1,1,1,7,1,1,Organizational Behavior
3,3,3,4,4,3,3,3,3,3,3,5,3,3,Organizational Behavior
1,1,1,3,3,1,1,1,1,1,1,6,1,1,Organizational Behavior
3,3,3,4,4,3,3,3,3,3,3,7,3,3,Organizational Behavior
1,1,1,3,3,1,1,1,1,1,1,5,1,1,Organizational Behavior
3,3,3,4,4,3,3,3,3,3,3,6,3,3,Organizational Behavior
1,1,1,3,3,1,1,1,1,1,1,7,1,1,Organizational Behavior
1,1,1,1,1,1,1,1,1,1,1,6,1,1,Risk Management
3,3,3,3,3,3,3,3,3,3,3,7,3,3,Risk Management
1,1,1,3,3,1,1,1,1,1,1,5,1,1,Risk Management
3,3,3,4,4,3,3,3,3,3,3,6,3,3,Risk Management
1,1,1,3,3,1,1,1,1,1,1,7,1,1,Risk Management
3,3,3,4,4,3,3,3,3,3,3,5,3,3,Risk Management
1,1,1,3,3,1,1,1,1,1,1,6,1,1,Risk Management
3,3,3,4,4,3,3,3,3,3,3,7,3,3,Risk Management
1,1,1,3,3,1,1,1,1,1,1,5,1,1,Risk Management
3,3,3,4,4,3,3,3,3,3,3,6,3,3,Risk Management
1,1,1,3,3,1,1,1,1,1,1,7,1,1,Risk Management
3,3,3,4,4,3,3,3,3,3,3,5,3,3,Risk Management
1,1,1,3,3,1,1,1,1,1,1,6,1,1,Risk Management
3,3,3,4,4,3,3,3,3,3,3,7,3,3,Risk Management
1,1,1,3,3,1,1,1,1,1,1,5,1,1,Risk Management
3,3,3,4,4,3,3,3,3,3,3,6,3,3,Risk Management
1,1,1,3,3,1,1,1,1,1,1,7,1,1,Risk Management
3,3,3,4,4,3,3,3,3,3,3,5,3,3,Risk Management
1,1,1,3,3,1,1,1,1,1,1,6,1,1,Risk Management
3,3,3,4,4,3,3,3,3,3,3,7,3,3,Risk Management
1,1,1,3,3,1,1,1,1,1,1,5,1,1,Risk Management
3,3,3,4,4,3,3,3,3,3,3,6,3,3,Risk Management
1,1,1,3,3,1,1,1,1,1,1,7,1,1,Risk Management
3,3,3,4,4,3,3,3,3,3,3,5,3,3,Risk Management
1,1,1,3,3,1,1,1,1,1,1,6,1,1,Risk Management
3,3,3,4,4,3,3,3,3,3,3,7,3,3,Risk Management
1,1,1,3,3,1,1,1,1,1,1,5,1,1,Risk Management
3,3,3,4,4,3,3,3,3,3,3,6,3,3,Risk Management
1,1,1,1,1,1,1,1,1,1,1,3,6,1,Business Analytics
3,3,3,3,3,3,3,3,3,3,3,3,7,3,Business Analytics
1,1,1,3,3,1,1,1,1,1,1,3,5,1,Business Analytics
3,3,3,4,4,3,3,3,3,3,3,3,6,3,Business Analytics
1,1,1,3,3,1,1,1,1,1,1,3,7,1,Business Analytics
3,3,3,4,4,3,3,3,3,3,3,3,5,3,Business Analytics
1,1,1,3,3,1,1,1,1,1,1,3,6,1,Business Analytics
3,3,3,4,4,3,3,3,3,3,3,3,7,3,Business Analytics
1,1,1,3,3,1,1,1,1,1,1,3,5,1,Business Analytics
3,3,3,4,4,3,3,3,3,3,3,3,6,3,Business Analytics
1,1,1,3,3,1,1,1,1,1,1,3,7,1,Business Analytics
3,3,3,4,4,3,3,3,3,3,3,3,5,3,Business Analytics
1,1,1,3,3,1,1,1,1,1,1,3,6,1,Business Analytics
3,3,3,4,4,3,3,3,3,3,3,3,7,3,Business Analytics
1,1,1,3,3,1,1,1,1,1,1,3,5,1,Business Analytics
3,3,3,4,4,3,3,3,3,3,3,3,6,3,Business Analytics
1,1,1,3,3,1,1,1,1,1,1,3,7,1,Business Analytics
3,3,3,4,4,3,3,3,3,3,3,3,5,3,Business Analytics
1,1,1,3,3,1,1,1,1,1,1,3,6,1,Business Analytics
3,3,3,4,4,3,3,3,3,3,3,3,7,3,Business Analytics
1,1,1,3,3,1,1,1,1,1,1,3,5,1,Business Analytics
3,3,3,4,4,3,3,3,3,3,3,3,6,3,Business Analytics
1,1,1,3,3,1,1,1,1,1,1,3,7,1,Business Analytics
3,3,3,4,4,3,3,3,3,3,3,3,5,3,Business Analytics
1,1,1,3,3,1,1,1,1,1,1,3,6,1,Business Analytics
3,3,3,4,4,3,3,3,3,3,3,3,7,3,Business Analytics
1,1,1,3,3,1,1,1,1,1,1,3,5,1,Business Analytics
3,3,3,4,4,3,3,3,3,3,3,3,6,3,Business Analytics
1,1,1,1,1,1,1,1,1,1,1,3,3,6,Financial Planning
3,3,3,3,3,3,3,3,3,3,3,3,3,7,Financial Planning
1,1,1,3,3,1,1,1,1,1,1,3,3,5,Financial Planning
3,3,3,4,4,3,3,3,3,3,3,3,3,6,Financial Planning
1,1,1,3,3,1,1,1,1,1,1,3,3,7,Financial Planning
3,3,3,4,4,3,3,3,3,3,3,3,3,5,Financial Planning
1,1,1,3,3,1,1,1,1,1,1,3,3,6,Financial Planning
3,3,3,4,4,3,3,3,3,3,3,3,3,7,Financial Planning
1,1,1,3,3,1,1,1,1,1,1,3,3,5,Financial Planning
3,3,3,4,4,3,3,3,3,3,3,3,3,6,Financial Planning
1,1,1,3,3,1,1,1,1,1,1,3,3,7,Financial Planning
3,3,3,4,4,3,3,3,3,3,3,3,3,5,Financial Planning
1,1,1,3,3,1,1,1,1,1,1,3,3,6,Financial Planning
3,3,3,4,4,3,3,3,3,3,3,3,3,7,Financial Planning
1,1,1,3,3,1,1,1,1,1,1,3,3,5,Financial Planning
3,3,3,4,4,3,3,3,3,3,3,3,3,6,Financial Planning
1,1,1,3,3,1,1,1,1,1,1,3,3,7,Financial Planning
3,3,3,4,4,3,3,3,3,3,3,3,3,5,Financial Planning
1,1,1,3,3,1,1,1,1,1,1,3,3,6,Financial Planning
3,3,3,4,4,3,3,3,3,3,3,3,3,7,Financial Planning
1,1,1,3,3,1,1,1,1,1,1,3,3,5,Financial Planning
3,3,3,4,4,3,3,3,3,3,3,3,3,6,Financial Planning
1,1,1,3,3,1,1,1,1,1,1,3,3,7,Financial Planning
3,3,3,4,4,3,3,3,3,3,3,3,3,5,Financial Planning
1,1,1,3,3,1,1,1,1,1,1,3,3,6,Financial Planning
3,3,3,4,4,3,3,3,3,3,3,3,3,7,Financial Planning
1,1,1,3,3,1,1,1,1,1,1,3,3,5,Financial Planning
3,3,3,4,4,3,3,3,3,3,3,3,3,6,Financial Planning
